data set;kmedoids;hclust;cluto;sec
KRFP(28);0.276716052;0.277366292;0.304943132;0.289371372
extended(28);0.241721188;0.245594184;0.250098271;0.260418985
KRFP(8);0.276716052;0.277366292;0.304943132;0.289371372
extended(8);0.241721188;0.245594184;0.250098271;0.260418985